<?xml version="1.0" encoding="UTF-8"?>
<!DOCTYPE mapper PUBLIC "-//mybatis.org//DTD Mapper 3.0//EN" "http://mybatis.org/dtd/mybatis-3-mapper.dtd">
<mapper namespace="com.go8.goods.mapper.CatalogMapper">
  <resultMap id="BaseResultMap" type="com.go8.goods.pojo.Catalog">
    <id column="id" jdbcType="BIGINT" property="id" />
    <result column="name" jdbcType="VARCHAR" property="name" />
    <result column="code" jdbcType="VARCHAR" property="code" />
    <result column="pid" jdbcType="BIGINT" property="pid" />
    <result column="is_parent" jdbcType="TINYINT" property="parent" />
    <result column="order1" jdbcType="INTEGER" property="order1" />
    <result column="gmt_create" jdbcType="TIMESTAMP" property="gmtCreate" />
    <result column="gmt_modified" jdbcType="TIMESTAMP" property="gmtModified" />
  </resultMap>
  <sql id="Base_Column_List">
    id, name, code, pid, is_parent, order1, gmt_create, gmt_modified
  </sql>
  <select id="selectByPrimaryKey" parameterType="java.lang.Long" resultMap="BaseResultMap">
    select 
    <include refid="Base_Column_List" />
    from t_catalog
    where id = #{id,jdbcType=BIGINT}
  </select>
  <select id="selectSonsByPid" parameterType="long" resultMap="BaseResultMap">
  	select 
    <include refid="Base_Column_List" />
    from t_catalog
    where pid = #{pid,jdbcType=BIGINT}
  </select>
  <select id="selectCodeByCode" parameterType="string" resultType="string">
  	select 
    code
    from t_catalog
    where code = #{code}
  </select>
  <delete id="deleteByPrimaryKey" parameterType="java.lang.Long">
    delete from t_catalog
    where id = #{id,jdbcType=BIGINT}
  </delete>
  <insert id="insert" parameterType="com.go8.goods.pojo.Catalog">
    <selectKey keyProperty="id" order="AFTER" resultType="java.lang.Long">
      SELECT LAST_INSERT_ID()
    </selectKey>
    insert into t_catalog (name, code, pid, 
      is_parent, order1, gmt_create, 
      gmt_modified)
    values (#{name,jdbcType=VARCHAR}, #{code,jdbcType=VARCHAR}, #{pid,jdbcType=BIGINT}, 
      #{parent,jdbcType=TINYINT}, #{order1,jdbcType=INTEGER}, #{gmtCreate,jdbcType=TIMESTAMP}, 
      #{gmtModified,jdbcType=TIMESTAMP})
  </insert>
  <insert id="insertSelective" parameterType="com.go8.goods.pojo.Catalog">
    <selectKey keyProperty="id" order="AFTER" resultType="java.lang.Long">
      SELECT LAST_INSERT_ID()
    </selectKey>
    insert into t_catalog
    <trim prefix="(" suffix=")" suffixOverrides=",">
      <if test="name != null">
        name,
      </if>
      <if test="code != null">
        code,
      </if>
      <if test="pid != null">
        pid,
      </if>
      <if test="parent != null">
        is_parent,
      </if>
      <if test="order1 != null">
        order1,
      </if>
      <if test="gmtCreate != null">
        gmt_create,
      </if>
      <if test="gmtModified != null">
        gmt_modified,
      </if>
    </trim>
    <trim prefix="values (" suffix=")" suffixOverrides=",">
      <if test="name != null">
        #{name,jdbcType=VARCHAR},
      </if>
      <if test="code != null">
        #{code,jdbcType=VARCHAR},
      </if>
      <if test="pid != null">
        #{pid,jdbcType=BIGINT},
      </if>
      <if test="parent != null">
        #{parent,jdbcType=TINYINT},
      </if>
      <if test="order1 != null">
        #{order1,jdbcType=INTEGER},
      </if>
      <if test="gmtCreate != null">
        #{gmtCreate,jdbcType=TIMESTAMP},
      </if>
      <if test="gmtModified != null">
        #{gmtModified,jdbcType=TIMESTAMP},
      </if>
    </trim>
  </insert>
  <update id="updateByPrimaryKeySelective" parameterType="com.go8.goods.pojo.Catalog">
    update t_catalog
    <set>
      <if test="name != null">
        name = #{name,jdbcType=VARCHAR},
      </if>
      <if test="code != null">
        code = #{code,jdbcType=VARCHAR},
      </if>
      <if test="pid != null">
        pid = #{pid,jdbcType=BIGINT},
      </if>
      <if test="parent != null">
        is_parent = #{parent,jdbcType=TINYINT},
      </if>
      <if test="order1 != null">
        order1 = #{order1,jdbcType=INTEGER},
      </if>
      <if test="gmtCreate != null">
        gmt_create = #{gmtCreate,jdbcType=TIMESTAMP},
      </if>
      <if test="gmtModified != null">
        gmt_modified = #{gmtModified,jdbcType=TIMESTAMP},
      </if>
    </set>
    where id = #{id,jdbcType=BIGINT}
  </update>
  <update id="updateByPrimaryKey" parameterType="com.go8.goods.pojo.Catalog">
    update t_catalog
    set name = #{name,jdbcType=VARCHAR},
      code = #{code,jdbcType=VARCHAR},
      pid = #{pid,jdbcType=BIGINT},
      is_parent = #{parent,jdbcType=TINYINT},
      order1 = #{order1,jdbcType=INTEGER},
      gmt_create = #{gmtCreate,jdbcType=TIMESTAMP},
      gmt_modified = #{gmtModified,jdbcType=TIMESTAMP}
    where id = #{id,jdbcType=BIGINT}
  </update>
</mapper>